               epoch,      train/box_loss,      train/obj_loss,      train/cls_loss,   metrics/precision,      metrics/recall,     metrics/mAP_0.5,metrics/mAP_0.5:0.95,        val/box_loss,        val/obj_loss,        val/cls_loss,               x/lr0,               x/lr1,               x/lr2
                   0,             0.10704,            0.012591,            0.054194,            0.002936,             0.85097,            0.043336,            0.012009,            0.064783,            0.011265,            0.047247,            0.070125,           0.0033194,           0.0033194
                   1,            0.060997,            0.014301,             0.04558,             0.37543,              0.5768,              0.4334,             0.15785,            0.043399,           0.0088081,            0.039731,            0.040059,           0.0065869,           0.0065869
                   2,              0.0546,            0.011134,            0.036907,             0.63516,             0.70327,             0.75522,             0.28917,            0.048172,           0.0064659,            0.028415,           0.0099273,           0.0097884,           0.0097884
                   3,            0.051574,           0.0089407,             0.02711,             0.72272,             0.80081,             0.80924,             0.43256,            0.042274,           0.0054207,            0.019378,            0.009703,            0.009703,            0.009703
                   4,            0.046994,           0.0080321,            0.017633,             0.90237,             0.84008,             0.93548,             0.51359,            0.036632,           0.0052446,           0.0099404,            0.009703,            0.009703,            0.009703
                   5,            0.043525,           0.0073694,            0.011646,             0.95411,             0.98108,             0.97821,             0.57688,            0.032314,           0.0045263,           0.0050072,            0.009604,            0.009604,            0.009604
                   6,            0.041622,           0.0070007,           0.0085713,             0.98165,             0.99814,             0.99473,             0.60091,            0.030174,           0.0043586,           0.0041719,            0.009505,            0.009505,            0.009505
                   7,            0.038674,           0.0066546,             0.00746,             0.81359,             0.83823,             0.88962,             0.56248,            0.034079,           0.0047705,           0.0090498,            0.009406,            0.009406,            0.009406
                   8,            0.036896,           0.0063618,           0.0071197,             0.91475,             0.90455,             0.96606,             0.64044,            0.027926,           0.0042084,            0.010335,            0.009307,            0.009307,            0.009307
                   9,            0.035711,           0.0062374,           0.0065667,              0.9443,             0.97829,             0.98317,             0.55589,            0.031604,            0.003841,           0.0032694,            0.009208,            0.009208,            0.009208
                  10,            0.035481,           0.0059998,           0.0062627,             0.98502,             0.99153,             0.99258,              0.6179,            0.027105,           0.0035949,           0.0029702,            0.009109,            0.009109,            0.009109
                  11,             0.03449,           0.0060387,           0.0062733,             0.98788,             0.96018,             0.98907,             0.68777,            0.027871,           0.0035982,           0.0023053,             0.00901,             0.00901,             0.00901
                  12,            0.033353,           0.0058236,           0.0059037,             0.98323,             0.99131,             0.99374,             0.63348,            0.028087,           0.0036105,           0.0023064,            0.008911,            0.008911,            0.008911
                  13,            0.032046,           0.0058563,           0.0049947,             0.98637,             0.99645,             0.99085,             0.70552,            0.022775,           0.0034433,           0.0021481,            0.008812,            0.008812,            0.008812
                  14,            0.031821,           0.0055968,           0.0045416,             0.99237,              0.9967,             0.99493,             0.66644,            0.025307,           0.0034396,           0.0023075,            0.008713,            0.008713,            0.008713
                  15,            0.031127,           0.0057752,           0.0042372,             0.99467,             0.99789,               0.995,             0.70286,            0.024577,           0.0033145,           0.0018293,            0.008614,            0.008614,            0.008614
                  16,            0.030558,           0.0054836,           0.0047452,             0.98335,             0.99577,             0.99483,             0.67385,            0.025405,           0.0034422,           0.0021468,            0.008515,            0.008515,            0.008515
                  17,            0.030389,           0.0054998,            0.003996,             0.99486,                   1,               0.995,              0.7224,            0.021745,           0.0031646,           0.0019445,            0.008416,            0.008416,            0.008416
                  18,            0.029048,           0.0052999,           0.0037367,             0.99583,                   1,               0.995,             0.71634,            0.022251,            0.003189,           0.0018562,            0.008317,            0.008317,            0.008317
                  19,            0.029214,           0.0053265,           0.0037139,             0.99276,                   1,               0.995,             0.73166,            0.022143,           0.0031036,           0.0017442,            0.008218,            0.008218,            0.008218
                  20,            0.027821,           0.0052474,           0.0037067,             0.99171,             0.99255,               0.995,             0.73574,            0.021654,           0.0031563,           0.0021176,            0.008119,            0.008119,            0.008119
                  21,            0.027745,           0.0052626,           0.0039703,              0.9964,             0.98353,             0.99122,             0.71447,            0.022792,           0.0031742,           0.0023647,             0.00802,             0.00802,             0.00802
                  22,             0.02801,           0.0052668,           0.0041534,             0.98775,             0.99264,               0.995,             0.75622,            0.021625,           0.0030632,           0.0022842,            0.007921,            0.007921,            0.007921
                  23,            0.027002,           0.0051631,           0.0035972,             0.99635,             0.99719,               0.995,             0.74515,            0.020371,           0.0030072,           0.0018625,            0.007822,            0.007822,            0.007822
                  24,            0.027699,            0.005115,           0.0033762,             0.99374,                   1,               0.995,             0.71101,            0.021012,           0.0030704,           0.0015728,            0.007723,            0.007723,            0.007723
                  25,             0.02567,            0.004946,           0.0027505,             0.99654,             0.99986,               0.995,             0.74339,            0.020353,           0.0029127,           0.0014191,            0.007624,            0.007624,            0.007624
                  26,            0.025948,           0.0048869,           0.0029188,             0.99384,             0.99078,             0.99221,             0.75717,             0.02009,           0.0029558,           0.0017801,            0.007525,            0.007525,            0.007525
                  27,             0.02616,           0.0050179,           0.0034745,             0.99533,             0.99833,               0.995,             0.74621,             0.02031,           0.0029547,           0.0014587,            0.007426,            0.007426,            0.007426
                  28,            0.026228,           0.0050162,           0.0033936,             0.99376,                   1,               0.995,             0.76684,            0.019987,           0.0029081,           0.0012021,            0.007327,            0.007327,            0.007327
                  29,            0.024813,           0.0050228,           0.0032245,             0.99436,             0.99843,               0.995,             0.77455,            0.017993,            0.002845,           0.0012075,            0.007228,            0.007228,            0.007228
                  30,            0.024964,           0.0048135,           0.0026371,             0.99696,                   1,               0.995,             0.75993,            0.018218,           0.0028393,           0.0012517,            0.007129,            0.007129,            0.007129
                  31,            0.023904,           0.0047486,           0.0024882,             0.99563,             0.99993,               0.995,             0.77693,            0.017474,            0.002746,           0.0010227,             0.00703,             0.00703,             0.00703
                  32,            0.024475,            0.004711,           0.0019675,             0.99726,             0.99781,               0.995,             0.77064,            0.019364,            0.002773,           0.0010736,            0.006931,            0.006931,            0.006931
                  33,            0.024033,           0.0046363,              0.0024,             0.99248,             0.99645,             0.99066,             0.78702,            0.018434,           0.0027648,           0.0011077,            0.006832,            0.006832,            0.006832
                  34,            0.023289,           0.0047679,           0.0027236,             0.99443,                   1,               0.995,             0.76975,            0.018505,            0.002771,          0.00099199,            0.006733,            0.006733,            0.006733
                  35,            0.023553,           0.0047549,           0.0028461,             0.99427,                   1,               0.995,             0.79091,             0.01783,           0.0027358,          0.00098761,            0.006634,            0.006634,            0.006634
                  36,            0.023932,           0.0045526,           0.0023653,             0.99735,                   1,               0.995,             0.75977,            0.018481,           0.0027845,           0.0012332,            0.006535,            0.006535,            0.006535
                  37,            0.023004,           0.0046799,           0.0022449,             0.99509,                   1,               0.995,             0.78023,            0.017656,           0.0027348,            0.001017,            0.006436,            0.006436,            0.006436
                  38,             0.02229,           0.0044633,           0.0021757,             0.99599,                   1,               0.995,             0.78814,            0.018865,           0.0027404,           0.0009833,            0.006337,            0.006337,            0.006337
                  39,            0.022416,           0.0045451,           0.0020751,             0.99653,                   1,               0.995,             0.78104,            0.018806,           0.0027196,          0.00093702,            0.006238,            0.006238,            0.006238
                  40,             0.02233,           0.0044471,           0.0020634,             0.99701,                   1,               0.995,             0.77595,            0.018064,           0.0026779,           0.0010911,            0.006139,            0.006139,            0.006139
                  41,            0.022206,           0.0045051,           0.0022056,             0.99605,                   1,               0.995,              0.7906,             0.01674,           0.0026534,          0.00094247,             0.00604,             0.00604,             0.00604
                  42,             0.02168,           0.0045969,            0.001817,             0.99604,                   1,               0.995,             0.79655,            0.017014,           0.0026162,          0.00090388,            0.005941,            0.005941,            0.005941
                  43,            0.021372,           0.0043778,           0.0018363,             0.99708,             0.99928,               0.995,             0.78811,            0.017069,            0.002647,          0.00082974,            0.005842,            0.005842,            0.005842
                  44,              0.0211,           0.0043261,           0.0018282,             0.99778,                   1,               0.995,             0.80166,            0.016755,           0.0026724,          0.00085593,            0.005743,            0.005743,            0.005743
                  45,            0.020775,           0.0042861,           0.0017409,               0.997,                   1,               0.995,             0.79116,            0.016748,           0.0025901,          0.00082657,            0.005644,            0.005644,            0.005644
                  46,             0.02167,           0.0043647,           0.0018312,             0.99552,                   1,               0.995,             0.79772,            0.016457,           0.0026028,          0.00097279,            0.005545,            0.005545,            0.005545
                  47,            0.020884,           0.0043056,           0.0016491,             0.99364,                   1,               0.995,             0.79115,            0.017225,           0.0026251,          0.00083157,            0.005446,            0.005446,            0.005446
                  48,            0.020152,           0.0042712,           0.0015578,              0.9973,              0.9996,               0.995,             0.80238,            0.016416,           0.0025417,          0.00074191,            0.005347,            0.005347,            0.005347
                  49,            0.019992,            0.004352,           0.0014749,             0.99691,                   1,               0.995,             0.81297,            0.015776,           0.0025698,          0.00069056,            0.005248,            0.005248,            0.005248
                  50,            0.020144,           0.0044004,           0.0013958,             0.99612,                   1,               0.995,             0.80962,            0.015882,           0.0025609,          0.00074194,            0.005149,            0.005149,            0.005149
                  51,            0.020157,           0.0043591,           0.0014931,             0.99569,                   1,               0.995,             0.80989,            0.015662,           0.0024742,          0.00074013,             0.00505,             0.00505,             0.00505
                  52,             0.01974,           0.0041879,           0.0015213,             0.99635,                   1,               0.995,             0.81726,            0.015227,           0.0024967,          0.00072957,            0.004951,            0.004951,            0.004951
                  53,            0.019818,           0.0042978,           0.0016129,             0.99674,                   1,               0.995,             0.80035,            0.016134,           0.0025497,           0.0007312,            0.004852,            0.004852,            0.004852
                  54,            0.019974,           0.0042842,            0.001579,             0.99689,                   1,               0.995,             0.81326,             0.01584,            0.002483,          0.00067325,            0.004753,            0.004753,            0.004753
                  55,            0.019782,           0.0042086,           0.0016159,             0.99587,                   1,               0.995,             0.79566,            0.016094,           0.0025403,          0.00066125,            0.004654,            0.004654,            0.004654
                  56,            0.020133,           0.0042492,           0.0015236,             0.99542,                   1,               0.995,              0.8058,             0.01557,           0.0025018,          0.00067498,            0.004555,            0.004555,            0.004555
                  57,            0.019413,           0.0042418,            0.001374,             0.99643,                   1,               0.995,             0.81119,            0.016223,           0.0025054,          0.00067969,            0.004456,            0.004456,            0.004456
                  58,            0.019716,           0.0041624,            0.001418,             0.99731,                   1,               0.995,             0.80344,            0.016054,           0.0025507,          0.00065864,            0.004357,            0.004357,            0.004357
                  59,            0.019122,           0.0041859,           0.0014411,             0.99811,                   1,               0.995,             0.79631,            0.015916,           0.0024932,          0.00057339,            0.004258,            0.004258,            0.004258
                  60,            0.019399,           0.0040638,           0.0013826,             0.99635,             0.99978,               0.995,             0.80322,            0.015607,           0.0024792,          0.00061775,            0.004159,            0.004159,            0.004159
                  61,             0.01913,           0.0041608,           0.0014788,             0.99721,             0.99906,               0.995,             0.80801,            0.015748,           0.0024816,          0.00056066,             0.00406,             0.00406,             0.00406
                  62,            0.019112,           0.0042686,           0.0015648,             0.99679,                   1,               0.995,             0.81427,            0.015718,           0.0024959,          0.00057811,            0.003961,            0.003961,            0.003961
                  63,              0.0189,           0.0039814,           0.0012699,             0.99704,                   1,               0.995,              0.8054,            0.015537,           0.0024656,          0.00054616,            0.003862,            0.003862,            0.003862
                  64,            0.018548,           0.0041533,           0.0012777,             0.99527,                   1,               0.995,             0.80839,            0.015498,           0.0024637,          0.00049314,            0.003763,            0.003763,            0.003763
                  65,            0.018377,           0.0040114,           0.0010574,             0.99634,                   1,               0.995,             0.80929,            0.015931,            0.002475,          0.00046434,            0.003664,            0.003664,            0.003664
                  66,            0.018534,           0.0040903,           0.0013941,             0.99643,                   1,               0.995,             0.80211,            0.015329,            0.002461,          0.00051584,            0.003565,            0.003565,            0.003565
                  67,            0.018247,           0.0040385,           0.0014965,             0.99362,             0.99645,             0.99054,             0.81089,            0.015447,           0.0025121,          0.00047221,            0.003466,            0.003466,            0.003466
                  68,            0.018357,           0.0040177,           0.0013427,             0.99659,                   1,               0.995,             0.80867,            0.015563,            0.002494,          0.00048879,            0.003367,            0.003367,            0.003367
                  69,            0.018469,           0.0041451,           0.0012212,             0.99513,                   1,               0.995,             0.79293,            0.015956,            0.002561,          0.00047639,            0.003268,            0.003268,            0.003268
                  70,            0.017982,           0.0038998,           0.0010819,             0.99723,                   1,               0.995,              0.8129,            0.014938,           0.0024422,          0.00043472,            0.003169,            0.003169,            0.003169
                  71,            0.017647,           0.0040515,            0.001057,             0.99591,                   1,               0.995,             0.81577,            0.015035,           0.0024457,          0.00042526,             0.00307,             0.00307,             0.00307
                  72,             0.01749,           0.0039202,           0.0010316,             0.99641,                   1,               0.995,             0.80952,            0.015009,           0.0023944,          0.00040793,            0.002971,            0.002971,            0.002971
                  73,            0.017553,           0.0039809,          0.00098232,               0.997,                   1,               0.995,             0.80771,            0.015115,           0.0024329,          0.00042491,            0.002872,            0.002872,            0.002872
                  74,            0.017442,           0.0039944,           0.0012226,             0.99669,                   1,               0.995,             0.81551,            0.015079,           0.0024502,           0.0004425,            0.002773,            0.002773,            0.002773
                  75,            0.017746,           0.0038949,          0.00092138,             0.99723,                   1,               0.995,             0.80595,             0.01521,           0.0024204,          0.00038675,            0.002674,            0.002674,            0.002674
                  76,            0.017184,           0.0038136,          0.00088231,             0.99698,                   1,               0.995,             0.81352,            0.014845,           0.0024321,          0.00038907,            0.002575,            0.002575,            0.002575
                  77,             0.01723,           0.0038599,          0.00091151,             0.99656,                   1,               0.995,             0.80989,            0.015208,           0.0024608,           0.0003662,            0.002476,            0.002476,            0.002476
                  78,            0.016956,           0.0039524,           0.0010315,             0.99621,                   1,               0.995,             0.81628,            0.014768,           0.0024453,          0.00038441,            0.002377,            0.002377,            0.002377
                  79,            0.016935,           0.0038016,          0.00095109,              0.9963,                   1,               0.995,             0.81563,            0.014718,           0.0023944,          0.00036654,            0.002278,            0.002278,            0.002278
                  80,            0.016727,           0.0038257,           0.0008367,             0.99589,                   1,               0.995,             0.81552,            0.014699,           0.0023967,          0.00034421,            0.002179,            0.002179,            0.002179
                  81,            0.017103,           0.0039411,           0.0010116,             0.99661,                   1,               0.995,             0.81984,            0.014538,           0.0024075,          0.00034685,             0.00208,             0.00208,             0.00208
                  82,            0.016783,            0.003897,          0.00095629,             0.99659,                   1,               0.995,              0.8173,            0.014772,           0.0024232,          0.00031882,            0.001981,            0.001981,            0.001981
                  83,            0.016801,           0.0037884,          0.00086002,             0.99641,                   1,               0.995,             0.82026,            0.014463,           0.0023944,          0.00030928,            0.001882,            0.001882,            0.001882
                  84,            0.016593,           0.0038665,          0.00089142,             0.99628,                   1,               0.995,             0.81707,            0.014633,           0.0024116,          0.00029165,            0.001783,            0.001783,            0.001783
                  85,            0.016855,           0.0037271,           0.0009003,             0.99693,             0.99991,               0.995,             0.82807,            0.014458,           0.0023751,          0.00029726,            0.001684,            0.001684,            0.001684
                  86,            0.016154,           0.0037875,          0.00083987,             0.99671,             0.99954,               0.995,             0.82044,            0.014449,           0.0023833,          0.00029571,            0.001585,            0.001585,            0.001585
                  87,            0.016528,           0.0037247,          0.00097171,             0.99619,                   1,               0.995,             0.83024,            0.014434,           0.0023632,          0.00029024,            0.001486,            0.001486,            0.001486
                  88,            0.016163,           0.0037487,          0.00083184,             0.99695,                   1,               0.995,              0.8229,            0.014552,           0.0023611,           0.0002793,            0.001387,            0.001387,            0.001387
                  89,            0.015708,           0.0038191,          0.00072034,             0.99632,             0.99934,               0.995,             0.82081,             0.01454,            0.002394,          0.00025255,            0.001288,            0.001288,            0.001288
                  90,            0.016204,           0.0038201,          0.00084027,             0.99716,                   1,               0.995,               0.822,            0.014387,           0.0023823,          0.00024028,            0.001189,            0.001189,            0.001189
                  91,            0.015956,           0.0037336,          0.00085052,              0.9969,                   1,               0.995,             0.81925,            0.014309,           0.0023577,          0.00023366,             0.00109,             0.00109,             0.00109
                  92,            0.015896,           0.0037518,          0.00082954,             0.99707,              0.9999,               0.995,             0.82399,            0.014312,           0.0023708,          0.00020326,            0.000991,            0.000991,            0.000991
                  93,            0.015746,           0.0037044,          0.00067302,             0.99718,                   1,               0.995,             0.81793,             0.01451,           0.0023633,          0.00019808,            0.000892,            0.000892,            0.000892
                  94,            0.015787,           0.0037626,          0.00061466,             0.99698,                   1,               0.995,             0.82522,            0.014188,           0.0023499,          0.00019536,            0.000793,            0.000793,            0.000793
                  95,            0.015676,           0.0037302,          0.00075096,               0.997,                   1,               0.995,             0.82373,            0.014263,           0.0023526,          0.00018368,            0.000694,            0.000694,            0.000694
                  96,             0.01555,           0.0036377,          0.00075715,             0.99692,             0.99993,               0.995,             0.82525,            0.014318,           0.0023562,          0.00017526,            0.000595,            0.000595,            0.000595
                  97,            0.015319,           0.0036733,          0.00073255,              0.9968,                   1,               0.995,             0.82114,            0.014156,           0.0023427,          0.00016347,            0.000496,            0.000496,            0.000496
                  98,             0.01547,           0.0037316,          0.00071686,             0.99681,             0.99993,               0.995,             0.82267,            0.014161,           0.0023444,          0.00015982,            0.000397,            0.000397,            0.000397
                  99,            0.015231,            0.003633,          0.00061375,             0.99675,                   1,               0.995,             0.82457,            0.014137,           0.0023619,           0.0001563,            0.000298,            0.000298,            0.000298